{"test_loss":0.3759852610528469,"_runtime":3406.2812967,"train_accuracy":0.8220000000000003,"_timestamp":1.7442412168885005e+09,"train_loss":0.4361304375529289,"_wandb":{"runtime":3408},"epoch":10,"_step":9,"test_accuracy":0.8630000000000001}