{"_wandb":{"runtime":1842},"test_accuracy":0.8039999999999999,"_runtime":1839.8035592,"_step":9,"epoch":10,"train_loss":0.4477558407187462,"test_loss":0.5209310054779053,"_timestamp":1.7442299864252517e+09,"train_accuracy":0.8192000000000002}