{"_wandb":{"runtime":5502},"train_accuracy":0.7939999999999994,"test_accuracy":0.792,"test_loss":0.5123459860682488,"_timestamp":1.7443189217345226e+09,"epoch":10,"_step":9,"_runtime":5500.333361,"train_loss":0.4793369796872139}