{"_runtime":1753.6294162,"train_accuracy":0.7319999999999998,"train_loss":0.6853417646884918,"test_accuracy":0.7580000000000002,"_step":9,"_wandb":{"runtime":1755},"_timestamp":1.744209913214325e+09,"test_loss":0.5668924763798714,"epoch":10}