{"_timestamp":1.7441979599532826e+09,"_runtime":1697.9289414,"train_accuracy":1,"test_accuracy":1,"test_loss":0.0016790422143003526,"_wandb":{"runtime":1759},"train_loss":0.00022304222948264397,"_step":9,"epoch":10}